{
  "IcoMoonType": "selection",
  "icons": [
    {
      "icon": {
        "paths": [
          "M68.032 38.016c40.896-40.992 164.512-47.84 165.44-26.144 0.928 21.664 111.328 262.112 112.288 283.808 0.96 21.664-72.768 95.584-94.336 117.216-21.376 21.408 144.256 209.056 147.392 212.608 3.52 3.168 190.72 169.184 212.096 147.744 21.568-21.632 95.328-95.52 116.896-94.56 21.632 0.928 261.536 111.584 283.168 112.576 21.632 0.928 14.816 124.8-26.080 165.824-34.976 35.040-216.064 162.272-530.944-64.928-34.528-19.904-89.216-65.568-172.16-148.672-0.032-0.032-0.096-0.096-0.16-0.128-0.064-0.096-0.128-0.128-0.192-0.192s-0.128-0.128-0.192-0.192c-0.032-0.064-0.096-0.128-0.128-0.16-82.88-83.136-128.448-137.984-148.32-172.576-226.656-315.648-99.712-497.184-64.768-532.224z"
        ],
        "attrs": [
          {}
        ],
        "isMulticolor": false,
        "isMulticolor2": false,
        "tags": [
          "phone",
          "contact"
        ],
        "grid": 16
      },
      "attrs": [
        {}
      ],
      "properties": {
        "order": 35,
        "id": 0,
        "name": "phone, contact",
        "prevSize": 32,
        "code": 59649
      },
      "setIdx": 0,
      "setId": 7,
      "iconIdx": 0
    },
    {
      "icon": {
        "paths": [
          "M658.744 749.256l-210.744-210.746v-282.51h128v229.49l173.256 173.254zM512 0c-282.77 0-512 229.23-512 512s229.23 512 512 512 512-229.23 512-512-229.23-512-512-512zM512 896c-212.078 0-384-171.922-384-384s171.922-384 384-384c212.078 0 384 171.922 384 384s-171.922 384-384 384z"
        ],
        "tags": [
          "clock",
          "time",
          "schedule"
        ],
        "defaultCode": 59726,
        "grid": 16,
        "attrs": []
      },
      "attrs": [],
      "properties": {
        "ligatures": "clock, time2",
        "name": "clock",
        "order": 29,
        "id": 79,
        "prevSize": 32,
        "code": 59726
      },
      "setIdx": 6,
      "setId": 1,
      "iconIdx": 78
    },
    {
      "icon": {
        "paths": [
          "M992.262 871.396l-242.552-206.294c-25.074-22.566-51.89-32.926-73.552-31.926 57.256-67.068 91.842-154.078 91.842-249.176 0-212.078-171.922-384-384-384-212.076 0-384 171.922-384 384s171.922 384 384 384c95.098 0 182.108-34.586 249.176-91.844-1 21.662 9.36 48.478 31.926 73.552l206.294 242.552c35.322 39.246 93.022 42.554 128.22 7.356s31.892-92.898-7.354-128.22zM384 640c-141.384 0-256-114.616-256-256s114.616-256 256-256 256 114.616 256 256-114.614 256-256 256z"
        ],
        "tags": [
          "search",
          "magnifier",
          "magnifying-glass",
          "inspect",
          "find"
        ],
        "defaultCode": 59782,
        "grid": 16,
        "attrs": []
      },
      "attrs": [],
      "properties": {
        "ligatures": "search, magnifier",
        "name": "search",
        "order": 42,
        "id": 135,
        "prevSize": 32,
        "code": 59782
      },
      "setIdx": 6,
      "setId": 1,
      "iconIdx": 134
    },
    {
      "icon": {
        "paths": [
          "M682 256c0-76 96-170 214-170v852h-106v-340h-108v-342zM470 384v-298h84v298c0 90-70 164-160 170v384h-106v-384c-90-6-160-80-160-170v-298h86v298h84v-298h86v298h86z"
        ],
        "attrs": [
          {}
        ],
        "isMulticolor": false,
        "isMulticolor2": false,
        "tags": [
          "restaurant"
        ],
        "grid": 24
      },
      "attrs": [
        {}
      ],
      "properties": {
        "order": 34,
        "id": 0,
        "name": "restaurant",
        "prevSize": 24,
        "code": 59657
      },
      "setIdx": 1,
      "setId": 6,
      "iconIdx": 0
    },
    {
      "icon": {
        "paths": [
          "M810.667 725.333h-597.333c-47.061 0-85.333 38.272-85.333 85.333s38.272 85.333 85.333 85.333h597.333c47.061 0 85.333-38.272 85.333-85.333s-38.272-85.333-85.333-85.333z",
          "M810.667 426.667h-597.333c-47.061 0-85.333 38.272-85.333 85.333s38.272 85.333 85.333 85.333h597.333c47.061 0 85.333-38.272 85.333-85.333s-38.272-85.333-85.333-85.333z",
          "M810.667 128h-597.333c-47.061 0-85.333 38.272-85.333 85.333s38.272 85.333 85.333 85.333h597.333c47.061 0 85.333-38.272 85.333-85.333s-38.272-85.333-85.333-85.333z"
        ],
        "attrs": [
          {},
          {},
          {}
        ],
        "isMulticolor": false,
        "isMulticolor2": false,
        "tags": [
          "th-menu"
        ],
        "grid": 24
      },
      "attrs": [
        {},
        {},
        {}
      ],
      "properties": {
        "order": 36,
        "id": 0,
        "name": "th-menu",
        "prevSize": 24,
        "code": 59660
      },
      "setIdx": 4,
      "setId": 3,
      "iconIdx": 0
    },
    {
      "icon": {
        "paths": [
          "M256 256c0-40.571-32.571-73.143-73.143-73.143s-73.143 32.571-73.143 73.143 32.571 73.143 73.143 73.143 73.143-32.571 73.143-73.143zM865.714 585.143c0 19.429-8 38.286-21.143 51.429l-280.571 281.143c-13.714 13.143-32.571 21.143-52 21.143s-38.286-8-51.429-21.143l-408.571-409.143c-29.143-28.571-52-84-52-124.571v-237.714c0-40 33.143-73.143 73.143-73.143h237.714c40.571 0 96 22.857 125.143 52l408.571 408c13.143 13.714 21.143 32.571 21.143 52z"
        ],
        "attrs": [
          {}
        ],
        "width": 866,
        "isMulticolor": false,
        "isMulticolor2": false,
        "tags": [
          "tag"
        ],
        "grid": 14
      },
      "attrs": [
        {}
      ],
      "properties": {
        "order": 33,
        "id": 3,
        "name": "tag",
        "prevSize": 28,
        "code": 59653
      },
      "setIdx": 2,
      "setId": 5,
      "iconIdx": 0
    },
    {
      "icon": {
        "paths": [
          "M1097.143 438.857c40.571 0 73.143 32.571 73.143 73.143s-32.571 73.143-73.143 73.143h-8.571l-65.714 378.286c-6.286 34.857-36.571 60.571-72 60.571h-731.429c-35.429 0-65.714-25.714-72-60.571l-65.714-378.286h-8.571c-40.571 0-73.143-32.571-73.143-73.143s32.571-73.143 73.143-73.143h1024zM277.143 896c20-1.714 35.429-19.429 33.714-39.429l-18.286-237.714c-1.714-20-19.429-35.429-39.429-33.714s-35.429 19.429-33.714 39.429l18.286 237.714c1.714 18.857 17.714 33.714 36.571 33.714h2.857zM512 859.429v-237.714c0-20-16.571-36.571-36.571-36.571s-36.571 16.571-36.571 36.571v237.714c0 20 16.571 36.571 36.571 36.571s36.571-16.571 36.571-36.571zM731.429 859.429v-237.714c0-20-16.571-36.571-36.571-36.571s-36.571 16.571-36.571 36.571v237.714c0 20 16.571 36.571 36.571 36.571s36.571-16.571 36.571-36.571zM932.571 862.286l18.286-237.714c1.714-20-13.714-37.714-33.714-39.429s-37.714 13.714-39.429 33.714l-18.286 237.714c-1.714 20 13.714 37.714 33.714 39.429h2.857c18.857 0 34.857-14.857 36.571-33.714zM272 166.857l-53.143 235.429h-75.429l57.714-252c14.857-66.857 73.714-113.714 142.286-113.714h95.429c0-20 16.571-36.571 36.571-36.571h219.429c20 0 36.571 16.571 36.571 36.571h95.429c68.571 0 127.429 46.857 142.286 113.714l57.714 252h-75.429l-53.143-235.429c-8-33.714-37.143-57.143-71.429-57.143h-95.429c0 20-16.571 36.571-36.571 36.571h-219.429c-20 0-36.571-16.571-36.571-36.571h-95.429c-34.286 0-63.429 23.429-71.429 57.143z"
        ],
        "attrs": [
          {}
        ],
        "width": 1170,
        "isMulticolor": false,
        "isMulticolor2": false,
        "tags": [
          "shopping-basket"
        ],
        "grid": 14
      },
      "attrs": [
        {}
      ],
      "properties": {
        "order": 32,
        "id": 2,
        "prevSize": 28,
        "code": 59661,
        "name": "shopping-basket"
      },
      "setIdx": 2,
      "setId": 5,
      "iconIdx": 1
    },
    {
      "icon": {
        "paths": [
          "M821.143 521.714c0 239.429-160.571 409.143-402.286 409.143-231.429 0-418.857-187.429-418.857-418.857s187.429-418.857 418.857-418.857c113.143 0 207.429 41.143 280.571 109.714l-113.714 109.143c-30.857-29.714-85.143-64.571-166.857-64.571-142.857 0-259.429 118.286-259.429 264.571s116.571 264.571 259.429 264.571c165.714 0 228-119.429 237.714-180.571h-237.714v-144h395.429c4 21.143 6.857 42.286 6.857 69.714zM1316.571 452v120h-119.429v119.429h-120v-119.429h-119.429v-120h119.429v-119.429h120v119.429h119.429z"
        ],
        "attrs": [
          {}
        ],
        "width": 1317,
        "isMulticolor": false,
        "isMulticolor2": false,
        "tags": [
          "google-plus"
        ],
        "grid": 14
      },
      "attrs": [
        {}
      ],
      "properties": {
        "order": 31,
        "id": 1,
        "name": "google-plus",
        "prevSize": 28,
        "code": 59658
      },
      "setIdx": 2,
      "setId": 5,
      "iconIdx": 2
    },
    {
      "icon": {
        "paths": [
          "M219.429 749.714v36.571c0 9.714-8.571 18.286-18.286 18.286h-36.571c-9.714 0-18.286-8.571-18.286-18.286v-36.571c0-9.714 8.571-18.286 18.286-18.286h36.571c9.714 0 18.286 8.571 18.286 18.286zM219.429 603.429v36.571c0 9.714-8.571 18.286-18.286 18.286h-36.571c-9.714 0-18.286-8.571-18.286-18.286v-36.571c0-9.714 8.571-18.286 18.286-18.286h36.571c9.714 0 18.286 8.571 18.286 18.286zM365.714 603.429v36.571c0 9.714-8.571 18.286-18.286 18.286h-36.571c-9.714 0-18.286-8.571-18.286-18.286v-36.571c0-9.714 8.571-18.286 18.286-18.286h36.571c9.714 0 18.286 8.571 18.286 18.286zM219.429 457.143v36.571c0 9.714-8.571 18.286-18.286 18.286h-36.571c-9.714 0-18.286-8.571-18.286-18.286v-36.571c0-9.714 8.571-18.286 18.286-18.286h36.571c9.714 0 18.286 8.571 18.286 18.286zM658.286 749.714v36.571c0 9.714-8.571 18.286-18.286 18.286h-36.571c-9.714 0-18.286-8.571-18.286-18.286v-36.571c0-9.714 8.571-18.286 18.286-18.286h36.571c9.714 0 18.286 8.571 18.286 18.286zM512 603.429v36.571c0 9.714-8.571 18.286-18.286 18.286h-36.571c-9.714 0-18.286-8.571-18.286-18.286v-36.571c0-9.714 8.571-18.286 18.286-18.286h36.571c9.714 0 18.286 8.571 18.286 18.286zM365.714 457.143v36.571c0 9.714-8.571 18.286-18.286 18.286h-36.571c-9.714 0-18.286-8.571-18.286-18.286v-36.571c0-9.714 8.571-18.286 18.286-18.286h36.571c9.714 0 18.286 8.571 18.286 18.286zM219.429 310.857v36.571c0 9.714-8.571 18.286-18.286 18.286h-36.571c-9.714 0-18.286-8.571-18.286-18.286v-36.571c0-9.714 8.571-18.286 18.286-18.286h36.571c9.714 0 18.286 8.571 18.286 18.286zM658.286 603.429v36.571c0 9.714-8.571 18.286-18.286 18.286h-36.571c-9.714 0-18.286-8.571-18.286-18.286v-36.571c0-9.714 8.571-18.286 18.286-18.286h36.571c9.714 0 18.286 8.571 18.286 18.286zM512 457.143v36.571c0 9.714-8.571 18.286-18.286 18.286h-36.571c-9.714 0-18.286-8.571-18.286-18.286v-36.571c0-9.714 8.571-18.286 18.286-18.286h36.571c9.714 0 18.286 8.571 18.286 18.286zM365.714 310.857v36.571c0 9.714-8.571 18.286-18.286 18.286h-36.571c-9.714 0-18.286-8.571-18.286-18.286v-36.571c0-9.714 8.571-18.286 18.286-18.286h36.571c9.714 0 18.286 8.571 18.286 18.286zM219.429 164.571v36.571c0 9.714-8.571 18.286-18.286 18.286h-36.571c-9.714 0-18.286-8.571-18.286-18.286v-36.571c0-9.714 8.571-18.286 18.286-18.286h36.571c9.714 0 18.286 8.571 18.286 18.286zM658.286 457.143v36.571c0 9.714-8.571 18.286-18.286 18.286h-36.571c-9.714 0-18.286-8.571-18.286-18.286v-36.571c0-9.714 8.571-18.286 18.286-18.286h36.571c9.714 0 18.286 8.571 18.286 18.286zM512 310.857v36.571c0 9.714-8.571 18.286-18.286 18.286h-36.571c-9.714 0-18.286-8.571-18.286-18.286v-36.571c0-9.714 8.571-18.286 18.286-18.286h36.571c9.714 0 18.286 8.571 18.286 18.286zM365.714 164.571v36.571c0 9.714-8.571 18.286-18.286 18.286h-36.571c-9.714 0-18.286-8.571-18.286-18.286v-36.571c0-9.714 8.571-18.286 18.286-18.286h36.571c9.714 0 18.286 8.571 18.286 18.286zM658.286 310.857v36.571c0 9.714-8.571 18.286-18.286 18.286h-36.571c-9.714 0-18.286-8.571-18.286-18.286v-36.571c0-9.714 8.571-18.286 18.286-18.286h36.571c9.714 0 18.286 8.571 18.286 18.286zM512 164.571v36.571c0 9.714-8.571 18.286-18.286 18.286h-36.571c-9.714 0-18.286-8.571-18.286-18.286v-36.571c0-9.714 8.571-18.286 18.286-18.286h36.571c9.714 0 18.286 8.571 18.286 18.286zM658.286 164.571v36.571c0 9.714-8.571 18.286-18.286 18.286h-36.571c-9.714 0-18.286-8.571-18.286-18.286v-36.571c0-9.714 8.571-18.286 18.286-18.286h36.571c9.714 0 18.286 8.571 18.286 18.286zM512 950.857h219.429v-877.714h-658.286v877.714h219.429v-128c0-9.714 8.571-18.286 18.286-18.286h182.857c9.714 0 18.286 8.571 18.286 18.286v128zM804.571 36.571v950.857c0 20-16.571 36.571-36.571 36.571h-731.429c-20 0-36.571-16.571-36.571-36.571v-950.857c0-20 16.571-36.571 36.571-36.571h731.429c20 0 36.571 16.571 36.571 36.571z"
        ],
        "attrs": [
          {}
        ],
        "width": 805,
        "isMulticolor": false,
        "isMulticolor2": false,
        "tags": [
          "building-o"
        ],
        "grid": 14
      },
      "attrs": [
        {}
      ],
      "properties": {
        "order": 30,
        "id": 0,
        "name": "building-o",
        "prevSize": 28,
        "code": 59659
      },
      "setIdx": 2,
      "setId": 5,
      "iconIdx": 3
    },
    {
      "icon": {
        "paths": [
          "M226.462 349.538l25.846-25.846 275.692 236.308 275.692-236.308 25.846 25.846-301.538 258.462-301.538-258.462zM192.115 256c-35.41 0-64.115 28.624-64.115 63.81v384.38c0 35.241 28.472 63.81 64.115 63.81h671.77c35.41 0 64.115-28.624 64.115-63.81v-384.38c0-35.241-28.472-63.81-64.115-63.81h-671.77z"
        ],
        "attrs": [
          {}
        ],
        "isMulticolor": false,
        "isMulticolor2": false,
        "tags": [
          "mail-envelope-closed"
        ],
        "grid": 32
      },
      "attrs": [
        {}
      ],
      "properties": {
        "order": 37,
        "id": 1,
        "name": "mail-envelope-closed",
        "prevSize": 32,
        "code": 59665
      },
      "setIdx": 3,
      "setId": 4,
      "iconIdx": 0
    },
    {
      "icon": {
        "paths": [
          "M687.002 402.381c13.875-13.722 36.301-13.722 50.074 0 13.824 13.722 13.926 35.891 0 49.613l-200.090 196.096c-13.824 13.722-36.198 13.722-50.125 0l-200.090-196.096c-13.824-13.67-13.824-35.891 0-49.613 13.875-13.722 36.301-13.722 50.074 0l175.155 160.819 175.002-160.819z"
        ],
        "attrs": [],
        "isMulticolor": false,
        "isMulticolor2": false,
        "tags": [
          "chevron-small-down"
        ],
        "grid": 20
      },
      "attrs": [],
      "properties": {
        "id": 37,
        "order": 38,
        "prevSize": 20,
        "code": 59663,
        "name": "chevron-small-down"
      },
      "setIdx": 5,
      "setId": 2,
      "iconIdx": 36
    },
    {
      "icon": {
        "paths": [
          "M891.802 312.781c13.926-13.722 36.301-13.722 50.125 0s13.875 35.891 0 49.613l-404.89 400.896c-13.824 13.722-36.198 13.722-50.125 0l-404.89-400.896c-13.824-13.722-13.824-35.891 0-49.613 13.875-13.722 36.301-13.722 50.125 0l379.853 365.619 379.802-365.619z"
        ],
        "attrs": [],
        "isMulticolor": false,
        "isMulticolor2": false,
        "tags": [
          "chevron-thin-down"
        ],
        "grid": 20
      },
      "attrs": [],
      "properties": {
        "id": 41,
        "order": 25,
        "prevSize": 20,
        "code": 59664,
        "name": "chevron-thin-down"
      },
      "setIdx": 5,
      "setId": 2,
      "iconIdx": 40
    },
    {
      "icon": {
        "paths": [
          "M792.781 637.542c-22.323 22.835-53.402 24.627-80.691 0l-200.090-191.846-200.090 191.846c-27.29 24.627-58.419 22.835-80.589 0-22.323-22.784-20.89-61.286 0-82.688 20.787-21.402 240.384-230.502 240.384-230.502 11.11-11.418 25.702-17.152 40.294-17.152s29.184 5.734 40.397 17.152c0 0 219.494 209.101 240.384 230.502 20.941 21.402 22.323 59.904 0 82.688z"
        ],
        "attrs": [],
        "isMulticolor": false,
        "isMulticolor2": false,
        "tags": [
          "chevron-up"
        ],
        "grid": 20
      },
      "attrs": [],
      "properties": {
        "id": 45,
        "order": 40,
        "prevSize": 20,
        "code": 59666,
        "name": "chevron-up"
      },
      "setIdx": 5,
      "setId": 2,
      "iconIdx": 44
    },
    {
      "icon": {
        "paths": [
          "M818.637 979.405c0.563-109.005-111.923-173.517-221.030-220.518-108.698-46.797-143.411-86.221-143.411-170.701 0-50.637 33.178-34.15 47.718-127.027 6.144-38.502 35.43-0.614 41.062-88.525 0-35.021-16.026-43.725-16.026-43.725s8.141-51.866 11.315-91.802c3.277-41.83-20.378-131.072-117.811-158.464-16.998-17.459-28.518-45.158 23.91-72.909-114.688-5.325-141.363 54.682-202.445 98.816-51.968 38.707-65.997 99.994-63.488 132.608 3.328 39.936 11.418 91.802 11.418 91.802s-16.077 8.704-16.077 43.725c5.632 87.962 35.021 50.022 41.114 88.525 14.541 92.877 47.77 76.39 47.77 127.027 0 84.48-10.854 113.152-119.603 159.949-109.107 46.95-143.053 122.214-142.49 231.219 0.154 32.614-0.563 44.595-0.563 44.595h819.2c0 0-0.717-11.981-0.563-44.595zM870.4 512v-153.6h-102.4v153.6h-153.6v102.4h153.6v153.6h102.4v-153.6h153.6v-102.4h-153.6z"
        ],
        "attrs": [],
        "isMulticolor": false,
        "isMulticolor2": false,
        "tags": [
          "add-user"
        ],
        "grid": 20
      },
      "attrs": [],
      "properties": {
        "id": 88,
        "order": 15,
        "prevSize": 20,
        "code": 59654,
        "name": "add-user"
      },
      "setIdx": 5,
      "setId": 2,
      "iconIdx": 87
    },
    {
      "icon": {
        "paths": [
          "M639.795 891.597c-20.173-56.115-92.416-244.48-122.368-322.406-56.474 37.734-119.501 73.472-179.814 98.714-18.739 65.536-56.013 189.901-74.035 206.49-30.925 28.518-42.598 24.832-47.36-14.285s-24.832-165.683-24.832-165.683-110.694-62.413-145.408-80.282-34.15-30.259 2.918-49.869c21.606-11.418 149.862-4.352 217.19 0.256 44.083-48.691 98.867-96.358 153.242-137.165-62.208-55.091-212.48-188.16-257.741-226.509-39.731-33.69 4.045-40.806 4.045-40.806 19.968-3.584 62.566-6.758 83.354-0.461 129.229 39.066 329.83 105.882 376.986 121.651 18.074-12.749 37.734-26.624 59.494-42.035 240.742-170.496 301.414-132.762 312.883-116.224s25.754 87.091-214.989 257.638c-21.76 15.411-41.37 29.338-59.392 42.138-1.485 50.176-8.038 263.731-15.923 399.923-1.28 21.914-18.79 61.338-28.928 79.053-0.051-0-21.658 39.168-39.322-10.138z"
        ],
        "attrs": [],
        "isMulticolor": false,
        "isMulticolor2": false,
        "tags": [
          "aircraft"
        ],
        "grid": 20
      },
      "attrs": [],
      "properties": {
        "id": 94,
        "order": 9,
        "prevSize": 20,
        "code": 59652,
        "name": "aircraft"
      },
      "setIdx": 5,
      "setId": 2,
      "iconIdx": 93
    },
    {
      "icon": {
        "paths": [
          "M512 409.6c-84.838 0-153.6 68.813-153.6 153.6s68.762 153.6 153.6 153.6c84.787 0 153.6-68.813 153.6-153.6s-68.813-153.6-153.6-153.6zM921.6 256h-122.88c-16.896 0-35.123-13.107-40.397-29.184l-31.795-95.283c-5.376-16.026-23.501-29.133-40.448-29.133h-348.16c-16.896 0-35.123 13.107-40.397 29.082l-31.846 95.334c-5.325 16.077-23.501 29.184-40.397 29.184h-122.88c-56.32 0-102.4 46.080-102.4 102.4v460.8c0 56.32 46.080 102.4 102.4 102.4h819.2c56.32 0 102.4-46.080 102.4-102.4v-460.8c0-56.32-46.080-102.4-102.4-102.4zM512 819.2c-141.414 0-256-114.586-256-256s114.586-256 256-256c141.363 0 256 114.586 256 256s-114.637 256-256 256zM896 419.84c-19.814 0-35.84-16.077-35.84-35.891 0-19.712 16.026-35.84 35.84-35.84s35.84 16.077 35.84 35.84c0 19.814-16.026 35.891-35.84 35.891z"
        ],
        "attrs": [],
        "isMulticolor": false,
        "isMulticolor2": false,
        "tags": [
          "camera"
        ],
        "grid": 20
      },
      "attrs": [],
      "properties": {
        "id": 123,
        "order": 23,
        "prevSize": 20,
        "code": 59662,
        "name": "camera"
      },
      "setIdx": 5,
      "setId": 2,
      "iconIdx": 122
    },
    {
      "icon": {
        "paths": [
          "M974.080 183.654c-223.027 130.867-207.053 399.667-363.315 520.96-117.606 91.29-283.546 45.056-379.494 5.786 0 0-65.024 82.074-111.667 191.488-15.616 36.71-84.173-3.738-72.141-34.816 152.474-393.472 671.232-589.773 671.232-589.773s-366.029-15.514-610.662 304.128c-6.554-73.011-17.408-270.541 172.032-391.68 256.819-164.403 746.086-36.608 694.016-6.093z"
        ],
        "attrs": [],
        "isMulticolor": false,
        "isMulticolor2": false,
        "tags": [
          "leaf"
        ],
        "grid": 20
      },
      "attrs": [],
      "properties": {
        "id": 200,
        "order": 16,
        "prevSize": 20,
        "code": 59655,
        "name": "leaf"
      },
      "setIdx": 5,
      "setId": 2,
      "iconIdx": 199
    },
    {
      "icon": {
        "paths": [
          "M839.68 460.8h-655.36c-28.262 0-30.72 22.886-30.72 51.2s2.458 51.2 30.72 51.2h655.36c28.262 0 30.72-22.886 30.72-51.2s-2.458-51.2-30.72-51.2zM839.68 665.6h-655.36c-28.262 0-30.72 22.886-30.72 51.2s2.458 51.2 30.72 51.2h655.36c28.262 0 30.72-22.886 30.72-51.2s-2.458-51.2-30.72-51.2zM184.32 358.4h655.36c28.262 0 30.72-22.886 30.72-51.2s-2.458-51.2-30.72-51.2h-655.36c-28.262 0-30.72 22.886-30.72 51.2s2.458 51.2 30.72 51.2z"
        ],
        "attrs": [],
        "isMulticolor": false,
        "isMulticolor2": false,
        "tags": [
          "menu"
        ],
        "grid": 20
      },
      "attrs": [],
      "properties": {
        "id": 225,
        "order": 10,
        "prevSize": 20,
        "code": 59651,
        "name": "menu"
      },
      "setIdx": 5,
      "setId": 2,
      "iconIdx": 224
    },
    {
      "icon": {
        "paths": [
          "M256 81.92c0-28.314-22.938-30.72-51.2-30.72-28.314 0-51.2 2.406-51.2 30.72v430.080h102.4v-430.080zM153.6 942.080c0 28.211 22.886 30.72 51.2 30.72 28.262 0 51.2-2.509 51.2-30.72v-174.080h-102.4v174.080zM327.629 563.2h-245.76c-28.314 0-30.669 22.938-30.669 51.2v51.2c0 28.314 2.355 51.2 30.669 51.2h245.811c28.16 0 30.72-22.886 30.72-51.2v-51.2c0-28.262-2.56-51.2-30.771-51.2zM942.029 614.4h-245.811c-28.262 0-30.618 22.938-30.618 51.2v51.2c0 28.314 2.355 51.2 30.669 51.2h245.811c28.16 0 30.72-22.886 30.72-51.2v-51.2c0-28.262-2.56-51.2-30.771-51.2zM665.6 358.4c0-28.262-2.56-51.2-30.771-51.2h-245.76c-28.314 0-30.669 22.938-30.669 51.2v51.2c0 28.314 2.355 51.2 30.669 51.2h245.811c28.16 0 30.72-22.886 30.72-51.2v-51.2zM563.2 81.92c0-28.314-22.938-30.72-51.2-30.72-28.314 0-51.2 2.406-51.2 30.72v174.080h102.4v-174.080zM460.8 942.080c0 28.211 22.886 30.72 51.2 30.72 28.262 0 51.2-2.509 51.2-30.72v-430.080h-102.4v430.080zM870.4 81.92c0-28.314-22.938-30.72-51.2-30.72-28.314 0-51.2 2.406-51.2 30.72v481.28h102.4v-481.28zM768 942.080c0 28.211 22.886 30.72 51.2 30.72 28.262 0 51.2-2.509 51.2-30.72v-122.88h-102.4v122.88z"
        ],
        "attrs": [],
        "isMulticolor": false,
        "isMulticolor2": false,
        "tags": [
          "sound-mix"
        ],
        "grid": 20
      },
      "attrs": [],
      "properties": {
        "id": 279,
        "order": 41,
        "prevSize": 20,
        "code": 59667,
        "name": "sound-mix"
      },
      "setIdx": 5,
      "setId": 2,
      "iconIdx": 278
    },
    {
      "icon": {
        "paths": [
          "M395.52 109.875c-52.019 38.707-65.997 99.994-63.437 132.608 3.277 39.885 11.366 91.802 11.366 91.802s-16.026 8.704-16.026 43.725c5.581 87.91 34.97 49.971 41.011 88.525 14.541 92.877 47.77 76.339 47.77 127.027 0 84.429-34.816 123.904-143.514 170.701-109.056 47.002-221.491 106.138-221.491 208.538v51.2h921.6v-51.2c0-102.4-112.486-161.536-221.594-208.486-108.698-46.797-143.411-86.221-143.411-170.701 0-50.688 33.126-34.15 47.718-127.027 6.093-38.554 35.43-0.614 41.114-88.525 0-35.021-16.077-43.725-16.077-43.725s8.090-51.917 11.315-91.802c3.328-41.83-20.378-131.123-117.76-158.515-17.050-17.408-28.57-45.107 23.859-72.909-114.688-5.376-141.363 54.63-202.445 98.765z"
        ],
        "attrs": [],
        "isMulticolor": false,
        "isMulticolor2": false,
        "tags": [
          "user"
        ],
        "grid": 20
      },
      "attrs": [],
      "properties": {
        "id": 311,
        "order": 14,
        "prevSize": 20,
        "code": 59656,
        "name": "user"
      },
      "setIdx": 5,
      "setId": 2,
      "iconIdx": 310
    },
    {
      "icon": {
        "paths": [
          "M870.4 51.2h-716.8c-56.32 0-102.4 46.080-102.4 102.4v716.8c0 56.371 46.080 102.4 102.4 102.4h358.4v-358.4h-102.4v-126.72h102.4v-104.96c0-110.797 62.054-188.621 192.819-188.621l92.314 0.102v133.376h-61.286c-50.893 0-70.246 38.195-70.246 73.626v86.528h131.482l-29.082 126.669h-102.4v358.4h204.8c56.32 0 102.4-46.029 102.4-102.4v-716.8c0-56.32-46.080-102.4-102.4-102.4z"
        ],
        "attrs": [],
        "isMulticolor": false,
        "isMulticolor2": false,
        "tags": [
          "facebook"
        ],
        "grid": 20
      },
      "attrs": [],
      "properties": {
        "id": 360,
        "order": 5,
        "prevSize": 20,
        "code": 59648,
        "name": "facebook"
      },
      "setIdx": 5,
      "setId": 2,
      "iconIdx": 359
    },
    {
      "icon": {
        "paths": [
          "M886.579 319.795c0.41 8.294 0.563 16.691 0.563 24.986 0 255.488-194.406 549.99-549.888 549.99-109.21 0-210.739-32-296.294-86.886 15.155 1.792 30.515 2.714 46.080 2.714 90.624 0 173.926-30.925 240.026-82.688-84.531-1.587-155.955-57.395-180.531-134.195 11.776 2.202 23.91 3.379 36.352 3.379 17.664 0 34.765-2.304 50.944-6.707-88.422-17.818-155.034-95.898-155.034-189.594 0-0.819 0-1.587 0-2.406 26.061 14.49 55.91 23.194 87.552 24.218-51.866-34.714-86.016-93.798-86.016-160.922 0-35.379 9.523-68.608 26.214-97.178 95.283 116.992 237.773 193.894 398.387 201.984-3.277-14.182-4.966-28.877-4.966-44.083 0-106.701 86.477-193.178 193.229-193.178 55.603 0 105.83 23.398 141.107 60.979 43.981-8.704 85.35-24.781 122.726-46.899-14.438 45.107-45.107 82.995-84.992 106.906 39.117-4.71 76.288-15.002 111.002-30.413-25.907 38.81-58.675 72.806-96.461 99.994z"
        ],
        "attrs": [],
        "isMulticolor": false,
        "isMulticolor2": false,
        "tags": [
          "twitter"
        ],
        "grid": 20
      },
      "attrs": [],
      "properties": {
        "id": 381,
        "order": 6,
        "prevSize": 20,
        "code": 59650,
        "name": "twitter"
      },
      "setIdx": 5,
      "setId": 2,
      "iconIdx": 380
    }
  ],
  "height": 1024,
  "metadata": {
    "name": "icomoon"
  },
  "preferences": {
    "showGlyphs": true,
    "showQuickUse": true,
    "showQuickUse2": true,
    "showSVGs": true,
    "fontPref": {
      "prefix": "icon-",
      "metadata": {
        "fontFamily": "icomoon",
        "majorVersion": 1,
        "minorVersion": 0
      },
      "metrics": {
        "emSize": 1024,
        "baseline": 6.25,
        "whitespace": 50
      },
      "embed": false
    },
    "imagePref": {
      "prefix": "icon-",
      "png": true,
      "useClassSelector": true,
      "color": 0,
      "bgColor": 16777215,
      "classSelector": ".icon"
    },
    "historySize": 50,
    "showCodes": true,
    "gridSize": 16
  }
}